<vm version="2.0"><group id="79c7a215a51e7db831020874ecb5e2d3"><entry><agency>SFEC</agency><schema>CountryCode</schema><value>USA</value></entry><entry><agency>Target</agency><schema>PhoneCountryCode</schema><value>+1</value></entry></group><group id="488d968b9116446c21fd3504367d7003"><entry isDefault="true"><agency>SFEC</agency><schema>CountryCode</schema><value>CAN</value></entry><entry><agency>Target</agency><schema>PhoneCountryCode</schema><value>+1</value></entry></group><group id="87b5750f04b74cdc063131196f6d02b3"><entry><agency>SFEC</agency><schema>CountryCode</schema><value>HKG</value></entry><entry><agency>Target</agency><schema>PhoneCountryCode</schema><value>+852</value></entry></group><group id="3b8135f0664026ad004548b92ae0532a"><entry><agency>SFEC</agency><schema>CountryCode</schema><value>BRA</value></entry><entry><agency>Target</agency><schema>PhoneCountryCode</schema><value>+55</value></entry></group><group id="1e952dec1da334e4b396cca59c9bbda0"><entry><agency>SFEC</agency><schema>CountryCode</schema><value>CHL</value></entry><entry><agency>Target</agency><schema>PhoneCountryCode</schema><value>+56</value></entry></group><group id="499b627917cf84f6ba74224a73e6be98"><entry><agency>SFEC</agency><schema>CountryCode</schema><value>PER</value></entry><entry><agency>Target</agency><schema>PhoneCountryCode</schema><value>+51</value></entry></group><group id="f6fe74bd781bbc351584cb6229bf4c7c"><entry><agency>SFEC</agency><schema>CountryCode</schema><value>MEX</value></entry><entry><agency>Target</agency><schema>PhoneCountryCode</schema><value>+52</value></entry></group><group id="022358a3ae3f60c95c6dceec79a9cfd9"><entry><agency>SFEC</agency><schema>CountryCode</schema><value>COL</value></entry><entry><agency>Target</agency><schema>PhoneCountryCode</schema><value>+57</value></entry></group><group id="b0570046184f8437b90612eab294c14a"><entry><agency>SFEC</agency><schema>CountryCode</schema><value>IRL</value></entry><entry><agency>Target</agency><schema>PhoneCountryCode</schema><value>+353</value></entry></group></vm>