<vm version="2.0"><group id="046545e2ec699dd62419938e872daaf0"><entry><agency>EC</agency><schema>EC_Pay_Group</schema><value>UM</value></entry><entry><agency>Target</agency><schema>BF_Pay_Frequency</schema><value>WEEKLY</value></entry></group><group id="39dfc2f9ebe8f9a3fa5658529990882f"><entry><agency>EC</agency><schema>EC_Pay_Group</schema><value>APAC</value></entry><entry><agency>Target</agency><schema>BF_Pay_Frequency</schema><value>Monthly</value></entry></group><group id="743b252349b7543dcd7c16f53211ebff"><entry><agency>EC</agency><schema>EC_Pay_Group</schema><value>NA</value></entry><entry><agency>Target</agency><schema>BF_Pay_Frequency</schema><value>BI-WEEKLY</value></entry></group></vm>